<metadata xml:lang="en"><Esri><CreaDate>20151112</CreaDate><CreaTime>15130000</CreaTime><ArcGISFormat>1.0</ArcGISFormat><SyncOnce>FALSE</SyncOnce><DataProperties><itemProps><itemName Sync="TRUE">SEPTA_Regional_Rail_Stations</itemName><itemLocation><linkage Sync="TRUE">file://\\46WWH02\C$\Public_Data\Shapefiles_Nov15\SEPTA_Regional_Rail_Stations.shp</linkage><protocol Sync="TRUE">Local Area Network</protocol></itemLocation><itemSize Sync="TRUE">0.004</itemSize><imsContentType Sync="TRUE">002</imsContentType><nativeExtBox><westBL Sync="TRUE">-75.762733</westBL><eastBL Sync="TRUE">-74.753869</eastBL><southBL Sync="TRUE">39.670255</southBL><northBL Sync="TRUE">40.306198</northBL><exTypeCode Sync="TRUE">1</exTypeCode></nativeExtBox></itemProps><coordRef><type Sync="TRUE">Geographic</type><geogcsn Sync="TRUE">GCS_WGS_1984</geogcsn><peXml Sync="TRUE">&lt;GeographicCoordinateSystem xsi:type='typens:GeographicCoordinateSystem' xmlns:xsi='http://www.w3.org/2001/XMLSchema-instance' xmlns:xs='http://www.w3.org/2001/XMLSchema' xmlns:typens='http://www.esri.com/schemas/ArcGIS/10.0'&gt;&lt;WKT&gt;GEOGCS[&amp;quot;GCS_WGS_1984&amp;quot;,DATUM[&amp;quot;D_WGS_1984&amp;quot;,SPHEROID[&amp;quot;WGS_1984&amp;quot;,6378137.0,298.257223563]],PRIMEM[&amp;quot;Greenwich&amp;quot;,0.0],UNIT[&amp;quot;Degree&amp;quot;,0.0174532925199433],AUTHORITY[&amp;quot;EPSG&amp;quot;,4326]]&lt;/WKT&gt;&lt;XOrigin&gt;-399.99999999999989&lt;/XOrigin&gt;&lt;YOrigin&gt;-399.99999999999989&lt;/YOrigin&gt;&lt;XYScale&gt;11258999068426.24&lt;/XYScale&gt;&lt;ZOrigin&gt;-100000&lt;/ZOrigin&gt;&lt;ZScale&gt;10000&lt;/ZScale&gt;&lt;MOrigin&gt;-100000&lt;/MOrigin&gt;&lt;MScale&gt;10000&lt;/MScale&gt;&lt;XYTolerance&gt;8.9831528411952133e-009&lt;/XYTolerance&gt;&lt;ZTolerance&gt;0.001&lt;/ZTolerance&gt;&lt;MTolerance&gt;0.001&lt;/MTolerance&gt;&lt;HighPrecision&gt;true&lt;/HighPrecision&gt;&lt;LeftLongitude&gt;-180&lt;/LeftLongitude&gt;&lt;WKID&gt;4326&lt;/WKID&gt;&lt;/GeographicCoordinateSystem&gt;</peXml><csUnits Sync="TRUE">Angular Unit: Degree (0.017453)</csUnits></coordRef><lineage><Process ToolSource="C:\Program Files\ArcGIS\Desktop10.0\ArcToolbox\Toolboxes\Conversion Tools.tbx\FeatureClassToFeatureClass" Date="20140331" Time="155458" Name="" export="">FeatureClassToFeatureClass S:\ServicePlanningGIS\Data\Updates\Data_Updates_SDE.mdb\RR1 "Database Connections\Connection to Pwin-sqldb-05.sde\GIS_Septa.GISUSER.Rail_Lines" Regional_Rail_Stations # "Latitude "Latitude" true true false 8 Double 0 0 ,First,#,S:\ServicePlanningGIS\Data\Updates\Data_Updates_SDE.mdb\RR1,Latitude,-1,-1;Longitude "Longitude" true true false 8 Double 0 0 ,First,#,S:\ServicePlanningGIS\Data\Updates\Data_Updates_SDE.mdb\RR1,Longitude,-1,-1;Line_Name "Line_Name" true true false 30 Text 0 0 ,First,#,S:\ServicePlanningGIS\Data\Updates\Data_Updates_SDE.mdb\RR1,Line_Name,-1,-1;Station_Name "Station Name" true true false 30 Text 0 0 ,First,#,S:\ServicePlanningGIS\Data\Updates\Data_Updates_SDE.mdb\RR1,Station_Name_1,-1,-1;Street_Address "Street Address" true true false 50 Text 0 0 ,First,#,S:\ServicePlanningGIS\Data\Updates\Data_Updates_SDE.mdb\RR1,Street_Address,-1,-1;On_Street "On Street" true true false 30 Text 0 0 ,First,#,S:\ServicePlanningGIS\Data\Updates\Data_Updates_SDE.mdb\RR1,On_Street,-1,-1;At_Street "At Street" true true false 30 Text 0 0 ,First,#,S:\ServicePlanningGIS\Data\Updates\Data_Updates_SDE.mdb\RR1,At_Street,-1,-1;City "City" true true false 25 Text 0 0 ,First,#,S:\ServicePlanningGIS\Data\Updates\Data_Updates_SDE.mdb\RR1,City,-1,-1;State "State" true true false 10 Text 0 0 ,First,#,S:\ServicePlanningGIS\Data\Updates\Data_Updates_SDE.mdb\RR1,State,-1,-1;Zip "Zip" true true false 7 Text 0 0 ,First,#,S:\ServicePlanningGIS\Data\Updates\Data_Updates_SDE.mdb\RR1,Zip,-1,-1;County "County" true true false 25 Text 0 0 ,First,#,S:\ServicePlanningGIS\Data\Updates\Data_Updates_SDE.mdb\RR1,County,-1,-1;Stop_ID "Stop_ID" true true false 8 Double 0 0 ,First,#,S:\ServicePlanningGIS\Data\Updates\Data_Updates_SDE.mdb\RR1,Stop_ID,-1,-1" #</Process><Process ToolSource="C:\Program Files\ArcGIS\Desktop10.0\ArcToolbox\Toolboxes\Data Management Tools.tbx\CalculateField" Date="20140401" Time="114526" Name="" export="">CalculateField "Regional Rail Stations" Stop [Stop_ID] VB #</Process><Process ToolSource="C:\Program Files\ArcGIS\Desktop10.0\ArcToolbox\Toolboxes\Data Management Tools.tbx\CalculateField" Date="20140401" Time="114620" Name="" export="">CalculateField "Regional Rail Stations" Stop_ID [Stop] VB #</Process><Process ToolSource="C:\Program Files (x86)\ArcGIS\Desktop10.0\ArcToolbox\Toolboxes\Data Management Tools.tbx\CopyFeatures" Date="20151123" Time="094616" Name="" export="">CopyFeatures C:\Public_Data\Data.mdb\RRD_Stations C:\Public_Data\Shapefiles_Nov15\RRD_Stations.shp # 0 0 0</Process></lineage></DataProperties><SyncDate>20151123</SyncDate><SyncTime>10245200</SyncTime><ModDate>20151123</ModDate><ModTime>10263200</ModTime><ArcGISProfile>ItemDescription</ArcGISProfile></Esri><dataIdInfo><idPurp>Fall 2015 Regional Rail Stations for the Southeastern Pennsylvania Transportation Authority Service Area</idPurp><idAbs>&lt;DIV STYLE="text-align:Left;"&gt;&lt;DIV&gt;&lt;DIV&gt;&lt;P&gt;&lt;SPAN&gt;This dataset depicts the regional rail stations for the SEPTA service area for the fall 2015 schedule. Update includes the new Ninth Street Station on the Lansdale-Doylestown Line&lt;/SPAN&gt;&lt;/P&gt;&lt;/DIV&gt;&lt;/DIV&gt;&lt;/DIV&gt;</idAbs><idCredit>Southeastern Pennsylvania Transportation Authority</idCredit><searchKeys><keyword>SEPTA</keyword><keyword>Regional Rail</keyword><keyword>Stations</keyword><keyword>Train Stations</keyword><keyword>Transit</keyword><keyword>Public Transportation</keyword></searchKeys><resConst><Consts><useLimit>&lt;DIV STYLE="text-align:Left;"&gt;&lt;DIV&gt;&lt;DIV&gt;&lt;P&gt;&lt;SPAN&gt;The Southeastern Pennsylvania Transportation Authority (SEPTA) excludes any and all implied warranties of merchantability and fitness. No guarantees are expressed or implied as to the use or application of the digital information supplied. SEPTA assumes no responsibility to maintain them in any manner or form,&lt;/SPAN&gt;&lt;/P&gt;&lt;P&gt;&lt;SPAN&gt;SEPTA will not be liable for any direct, indirect, special, incidental, or consequential damages arising out of any inaccuracy or defect in the digital information supplied. Recipients of SEPTA digital files are not entitled to any file revisions, updates, corrections, or releases.&lt;/SPAN&gt;&lt;/P&gt;&lt;P&gt;&lt;SPAN&gt;Recipients of SEPTA digital files are expressly prohibited from copying or releasing these files to any other individuals or agencies, under any circumstances.&lt;/SPAN&gt;&lt;/P&gt;&lt;P&gt;&lt;SPAN&gt;Recipients of SEPTA digital files are expressly prohibited from displaying for view or making these files available for download from the internet or World Wide Web, under any circumstances.&lt;/SPAN&gt;&lt;/P&gt;&lt;P /&gt;&lt;/DIV&gt;&lt;/DIV&gt;&lt;/DIV&gt;</useLimit></Consts></resConst><envirDesc Sync="TRUE">Microsoft Windows 7 Version 6.1 (Build 7601) Service Pack 1; ESRI ArcGIS 10.0.5.4400</envirDesc><dataLang><languageCode value="eng" Sync="TRUE"/><countryCode value="USA" Sync="TRUE"/></dataLang><idCitation><resTitle Sync="TRUE">SEPTA_Regional_Rail_Stations</resTitle><presForm><PresFormCd value="005" Sync="TRUE"/></presForm></idCitation><spatRpType><SpatRepTypCd value="001" Sync="TRUE"/></spatRpType><dataExt><geoEle><GeoBndBox esriExtentType="search"><exTypeCode Sync="TRUE">1</exTypeCode><westBL Sync="TRUE">-75.762733</westBL><eastBL Sync="TRUE">-74.753869</eastBL><northBL Sync="TRUE">40.306198</northBL><southBL Sync="TRUE">39.670255</southBL></GeoBndBox></geoEle></dataExt></dataIdInfo><eainfo><detailed Name="SEPTA_Regional_Rail_Stations"><enttyp><enttypl Sync="TRUE">SEPTA_Regional_Rail_Stations</enttypl><enttypt Sync="TRUE">Feature Class</enttypt><enttypc Sync="TRUE">155</enttypc></enttyp><attr><attrlabl Sync="TRUE">FID</attrlabl><attalias Sync="TRUE">FID</attalias><attrtype Sync="TRUE">OID</attrtype><attwidth Sync="TRUE">4</attwidth><atprecis Sync="TRUE">0</atprecis><attscale Sync="TRUE">0</attscale><attrdef Sync="TRUE">Internal feature number.</attrdef><attrdefs Sync="TRUE">ESRI</attrdefs><attrdomv><udom Sync="TRUE">Sequential unique whole numbers that are automatically generated.</udom></attrdomv></attr><attr><attrlabl Sync="TRUE">Shape</attrlabl><attalias Sync="TRUE">Shape</attalias><attrtype Sync="TRUE">Geometry</attrtype><attwidth Sync="TRUE">0</attwidth><atprecis Sync="TRUE">0</atprecis><attscale Sync="TRUE">0</attscale><attrdef Sync="TRUE">Feature geometry.</attrdef><attrdefs Sync="TRUE">ESRI</attrdefs><attrdomv><udom Sync="TRUE">Coordinates defining the features.</udom></attrdomv></attr><attr><attrlabl Sync="TRUE">Line_Name</attrlabl><attalias Sync="TRUE">Line_Name</attalias><attrtype Sync="TRUE">String</attrtype><attwidth Sync="TRUE">30</attwidth><atprecis Sync="TRUE">0</atprecis><attscale Sync="TRUE">0</attscale></attr><attr><attrlabl Sync="TRUE">Station_Na</attrlabl><attalias Sync="TRUE">Station_Na</attalias><attrtype Sync="TRUE">String</attrtype><attwidth Sync="TRUE">30</attwidth><atprecis Sync="TRUE">0</atprecis><attscale Sync="TRUE">0</attscale></attr><attr><attrlabl Sync="TRUE">Street_Add</attrlabl><attalias Sync="TRUE">Street_Add</attalias><attrtype Sync="TRUE">String</attrtype><attwidth Sync="TRUE">50</attwidth><atprecis Sync="TRUE">0</atprecis><attscale Sync="TRUE">0</attscale></attr><attr><attrlabl Sync="TRUE">On_Street</attrlabl><attalias Sync="TRUE">On_Street</attalias><attrtype Sync="TRUE">String</attrtype><attwidth Sync="TRUE">30</attwidth><atprecis Sync="TRUE">0</atprecis><attscale Sync="TRUE">0</attscale></attr><attr><attrlabl Sync="TRUE">At_Street</attrlabl><attalias Sync="TRUE">At_Street</attalias><attrtype Sync="TRUE">String</attrtype><attwidth Sync="TRUE">30</attwidth><atprecis Sync="TRUE">0</atprecis><attscale Sync="TRUE">0</attscale></attr><attr><attrlabl Sync="TRUE">City</attrlabl><attalias Sync="TRUE">City</attalias><attrtype Sync="TRUE">String</attrtype><attwidth Sync="TRUE">25</attwidth><atprecis Sync="TRUE">0</atprecis><attscale Sync="TRUE">0</attscale></attr><attr><attrlabl Sync="TRUE">State</attrlabl><attalias Sync="TRUE">State</attalias><attrtype Sync="TRUE">String</attrtype><attwidth Sync="TRUE">10</attwidth><atprecis Sync="TRUE">0</atprecis><attscale Sync="TRUE">0</attscale></attr><attr><attrlabl Sync="TRUE">Zip</attrlabl><attalias Sync="TRUE">Zip</attalias><attrtype Sync="TRUE">String</attrtype><attwidth Sync="TRUE">7</attwidth><atprecis Sync="TRUE">0</atprecis><attscale Sync="TRUE">0</attscale></attr><attr><attrlabl Sync="TRUE">County</attrlabl><attalias Sync="TRUE">County</attalias><attrtype Sync="TRUE">String</attrtype><attwidth Sync="TRUE">25</attwidth><atprecis Sync="TRUE">0</atprecis><attscale Sync="TRUE">0</attscale></attr><attr><attrlabl Sync="TRUE">Stop_ID</attrlabl><attalias Sync="TRUE">Stop_ID</attalias><attrtype Sync="TRUE">String</attrtype><attwidth Sync="TRUE">10</attwidth><atprecis Sync="TRUE">0</atprecis><attscale Sync="TRUE">0</attscale></attr><attr><attrlabl Sync="TRUE">Latitude</attrlabl><attalias Sync="TRUE">Latitude</attalias><attrtype Sync="TRUE">Double</attrtype><attwidth Sync="TRUE">19</attwidth><atprecis Sync="TRUE">0</atprecis><attscale Sync="TRUE">0</attscale></attr><attr><attrlabl Sync="TRUE">Longitude</attrlabl><attalias Sync="TRUE">Longitude</attalias><attrtype Sync="TRUE">Double</attrtype><attwidth Sync="TRUE">19</attwidth><atprecis Sync="TRUE">0</atprecis><attscale Sync="TRUE">0</attscale></attr></detailed></eainfo><mdLang><languageCode value="eng" Sync="TRUE"/><countryCode value="USA" Sync="TRUE"/></mdLang><distInfo><distFormat><formatName Sync="TRUE">Shapefile</formatName></distFormat><distTranOps><transSize Sync="TRUE">0.004</transSize></distTranOps></distInfo><mdHrLv><ScopeCd value="005" Sync="TRUE"/></mdHrLv><mdHrLvName Sync="TRUE">dataset</mdHrLvName><refSysInfo><RefSystem><refSysID><identCode code="4326" Sync="TRUE"/><idCodeSpace Sync="TRUE">EPSG</idCodeSpace><idVersion Sync="TRUE">7.4.1</idVersion></refSysID></RefSystem></refSysInfo><spatRepInfo><VectSpatRep><geometObjs Name="SEPTA_Regional_Rail_Stations"><geoObjTyp><GeoObjTypCd value="004" Sync="TRUE"/></geoObjTyp><geoObjCnt Sync="TRUE">155</geoObjCnt></geometObjs><topLvl><TopoLevCd value="001" Sync="TRUE"/></topLvl></VectSpatRep></spatRepInfo><spdoinfo><ptvctinf><esriterm><efeatyp Sync="TRUE">Simple</efeatyp><efeageom code="1" Sync="TRUE"/><esritopo Sync="TRUE">FALSE</esritopo><efeacnt Sync="TRUE">155</efeacnt><spindex Sync="TRUE">TRUE</spindex><linrefer Sync="TRUE">FALSE</linrefer></esriterm></ptvctinf></spdoinfo><mdDateSt Sync="TRUE">20151123</mdDateSt></metadata>
