<metadata><idinfo><citation><citeinfo><origin>Southeastern Pennsylvania Transporation Authority (SEPTA)</origin><pubdate>2016</pubdate><title>SEPTA GIS Regional Rail Stations 2016</title><geoform Sync="TRUE">vector digital data</geoform><onlink>http://www.septa.com</onlink><pubinfo><pubplace>Philadelphia, PA</pubplace><publish>SEPTA</publish></pubinfo><ftname Sync="TRUE">SEPTAGISRegionalRailStations_2016</ftname></citeinfo></citation><descript><purpose>This data set was developed to assist in service planning purposes.</purpose><langdata Sync="TRUE">en</langdata><abstract>Regional Rail Stations</abstract></descript><timeperd><timeinfo><sngdate><caldate>04/17/08</caldate></sngdate></timeinfo><current>publication date</current></timeperd><status><progress>Complete</progress><update>As needed</update></status><spdom><bounding><westbc Sync="TRUE">-75.772958</westbc><eastbc Sync="TRUE">-74.751384</eastbc><northbc Sync="TRUE">40.318937</northbc><southbc Sync="TRUE">39.649439</southbc></bounding><lboundng><leftbc Sync="TRUE">2525025.796955</leftbc><rightbc Sync="TRUE">2804755.917287</rightbc><bottombc Sync="TRUE">129218.336613</bottombc><topbc Sync="TRUE">365331.424893</topbc></lboundng></spdom><keywords><theme><themekt>ISO 19115 Topic Categories</themekt><themekey>Transportation</themekey><themekey>Public Transit</themekey><themekey>High Speed Rail</themekey><themekey>Subway</themekey><themekey>Elevated</themekey></theme><place><placekey>Southeastern Pennsylvania</placekey><placekey>Philadelphia</placekey><placekey>Bucks County</placekey><placekey>Montgomery County</placekey><placekey>Chester County</placekey><placekey>Delaware County</placekey><placekey>Pennsylvania</placekey></place></keywords><accconst>Must contact SEPTA</accconst><useconst>The Southeastern Pennsylvania Transportation Authority (SEPTA) excludes any and all implied warranties of merchantability and fitness. No guarantees are expressed or implied as to the use or application of the digital information supplied. SEPTA assumes no responsibility to maintain them in any manner or form,
SEPTA will not be liable for any direct, indirect, special, incidental, or consequential damages arising out of any inaccuracy or defect in the digital information supplied. Recipients of SEPTA digital files are not entitled to any file revisions, updates, corrections, or releases.
Recipients of SEPTA digital files are expressly prohibited from copying or releasing these files to any other individuals or agencies, under any circumstances.
Recipients of SEPTA digital files are expressly prohibited from displaying for view or making these files available for download from the internet or World Wide Web, under any circumstances.</useconst><ptcontac><cntinfo><cntperp><cntper>Andy Ferry</cntper><cntorg>SEPTA</cntorg></cntperp><cntpos>GIS Manager</cntpos><cntaddr><addrtype>mailing and physical address</addrtype><address>1234 Market St.</address><address>Service Planning Department, 9th Floor</address><city>Philadelphia</city><state>PA</state><postal>19107</postal><country>United States</country></cntaddr><cntvoice>2155807361</cntvoice><cntfax>2155807998</cntfax><cntemail>aferry@septa.org</cntemail></cntinfo></ptcontac><native Sync="TRUE">Microsoft Windows XP Version 5.1 (Build 2600) Service Pack 3; ESRI ArcCatalog 9.3.1.1850</native><natvform Sync="TRUE">Shapefile</natvform></idinfo><dataqual><lineage><procstep><procdesc>Metadata imported</procdesc></procstep><procstep><procdesc Sync="TRUE">Metadata imported.</procdesc><srcused Sync="TRUE">D:\Philly\Septa\SEPTA_template.xml</srcused><procdate Sync="TRUE">2016</procdate><proctime Sync="TRUE">14224100</proctime></procstep></lineage></dataqual><spdoinfo><direct Sync="TRUE">Vector</direct><ptvctinf><sdtsterm Name="SEPTAGISRegionalRailStations_2016"><sdtstype Sync="TRUE">Entity point</sdtstype><ptvctcnt Sync="TRUE">153</ptvctcnt></sdtsterm><esriterm Name="SEPTAGISRegionalRailStations_2016"><efeatyp Sync="TRUE">Simple</efeatyp><efeageom Sync="TRUE">Point</efeageom><esritopo Sync="TRUE">FALSE</esritopo><efeacnt Sync="TRUE">153</efeacnt><spindex Sync="TRUE">FALSE</spindex><linrefer Sync="TRUE">FALSE</linrefer></esriterm></ptvctinf></spdoinfo><spref><horizsys><planar><planci><plance Sync="TRUE">coordinate pair</plance><coordrep><absres Sync="TRUE">0.000000</absres><ordres Sync="TRUE">0.000000</ordres></coordrep><plandu Sync="TRUE">survey feet</plandu></planci><mapproj><mapprojn Sync="TRUE">Lambert Conformal Conic</mapprojn><lambertc><stdparll Sync="TRUE">39.933333</stdparll><stdparll Sync="TRUE">40.966667</stdparll><longcm Sync="TRUE">-77.750000</longcm><latprjo Sync="TRUE">39.333333</latprjo><feast Sync="TRUE">1968500.000000</feast><fnorth Sync="TRUE">0.000000</fnorth></lambertc></mapproj></planar><geodetic><horizdn Sync="TRUE">North American Datum of 1983</horizdn><ellips Sync="TRUE">Geodetic Reference System 80</ellips><semiaxis Sync="TRUE">6378137.000000</semiaxis><denflat Sync="TRUE">298.257222</denflat></geodetic><cordsysn><geogcsn Sync="TRUE">GCS_North_American_1983</geogcsn><projcsn Sync="TRUE">NAD_1983_StatePlane_Pennsylvania_South_FIPS_3702_Feet</projcsn></cordsysn></horizsys><vertdef><altsys><altres>1.000000</altres><altenc>Explicit elevation coordinate included with horizontal coordinates</altenc></altsys></vertdef></spref><eainfo><detailed Name="SEPTAGISRegionalRailStations_2016"><enttyp><enttypl Sync="TRUE">SEPTAGISRegionalRailStations_2016</enttypl><enttypt Sync="TRUE">Feature Class</enttypt><enttypc Sync="TRUE">153</enttypc></enttyp><attr><attrlabl>FID</attrlabl><attrdef>Internal feature number.</attrdef><attrdefs>ESRI</attrdefs><attrdomv><udom>Sequential unique whole numbers that are automatically generated.</udom></attrdomv><attalias Sync="TRUE">FID</attalias><attrtype Sync="TRUE">OID</attrtype><attwidth Sync="TRUE">4</attwidth><atprecis Sync="TRUE">0</atprecis><attscale Sync="TRUE">0</attscale></attr><attr><attrlabl>LINE</attrlabl><attalias Sync="TRUE">LINE</attalias><attrtype Sync="TRUE">String</attrtype><attwidth Sync="TRUE">50</attwidth></attr><attr><attrlabl Sync="TRUE">LOCATION</attrlabl><attalias Sync="TRUE">LOCATION</attalias><attrtype Sync="TRUE">String</attrtype><attwidth Sync="TRUE">254</attwidth></attr><attr><attrlabl Sync="TRUE">FAREZONE</attrlabl><attalias Sync="TRUE">FAREZONE</attalias><attrtype Sync="TRUE">String</attrtype><attwidth Sync="TRUE">254</attwidth></attr><attr><attrlabl Sync="TRUE">STOPDIR</attrlabl><attalias Sync="TRUE">STOPDIR</attalias><attrtype Sync="TRUE">String</attrtype><attwidth Sync="TRUE">254</attwidth></attr><attr><attrlabl Sync="TRUE">RESTROOM</attrlabl><attalias Sync="TRUE">RESTROOM</attalias><attrtype Sync="TRUE">String</attrtype><attwidth Sync="TRUE">254</attwidth></attr><attr><attrlabl Sync="TRUE">BENCH</attrlabl><attalias Sync="TRUE">BENCH</attalias><attrtype Sync="TRUE">String</attrtype><attwidth Sync="TRUE">254</attwidth></attr><attr><attrlabl Sync="TRUE">SHELTER</attrlabl><attalias Sync="TRUE">SHELTER</attalias><attrtype Sync="TRUE">String</attrtype><attwidth Sync="TRUE">254</attwidth></attr><attr><attrlabl Sync="TRUE">PLATFORM</attrlabl><attalias Sync="TRUE">PLATFORM</attalias><attrtype Sync="TRUE">String</attrtype><attwidth Sync="TRUE">254</attwidth></attr><attr><attrlabl Sync="TRUE">PARKING</attrlabl><attalias Sync="TRUE">PARKING</attalias><attrtype Sync="TRUE">String</attrtype><attwidth Sync="TRUE">254</attwidth></attr><attr><attrlabl Sync="TRUE">TAXISTAND</attrlabl><attalias Sync="TRUE">TAXISTAND</attalias><attrtype Sync="TRUE">String</attrtype><attwidth Sync="TRUE">254</attwidth></attr><attr><attrlabl Sync="TRUE">CITY</attrlabl><attalias Sync="TRUE">CITY</attalias><attrtype Sync="TRUE">String</attrtype><attwidth Sync="TRUE">254</attwidth></attr><attr><attrlabl Sync="TRUE">COUNTY</attrlabl><attalias Sync="TRUE">COUNTY</attalias><attrtype Sync="TRUE">String</attrtype><attwidth Sync="TRUE">254</attwidth></attr><attr><attrlabl Sync="TRUE">ST</attrlabl><attalias Sync="TRUE">ST</attalias><attrtype Sync="TRUE">String</attrtype><attwidth Sync="TRUE">254</attwidth></attr><attr><attrlabl>SHAPE</attrlabl><attrdef>Feature geometry.</attrdef><attrdefs>ESRI</attrdefs><attrdomv><udom>Coordinates defining the features.</udom></attrdomv><attalias Sync="TRUE">Shape</attalias><attrtype Sync="TRUE">Geometry</attrtype><attwidth Sync="TRUE">0</attwidth><atprecis Sync="TRUE">0</atprecis><attscale Sync="TRUE">0</attscale></attr></detailed></eainfo><distinfo><distrib><cntinfo><cntperp><cntper>Andy Ferry</cntper><cntorg>SEPTA</cntorg></cntperp><cntpos>GIS Manager</cntpos><cntaddr><addrtype>mailing and physical address</addrtype><address>1234 Market St.</address><address>Service Planning Department, 9th Floor</address><city>Philadelphia</city><state>PA</state><postal>19107</postal><country>United States</country></cntaddr><cntvoice>2155807361</cntvoice><cntfax>2155807998</cntfax><cntemail>aferry@septa.org</cntemail></cntinfo></distrib><resdesc>Downloadable Data</resdesc><stdorder><digform><digtinfo><transize>0.013</transize><dssize Sync="TRUE">0.004</dssize></digtinfo></digform></stdorder></distinfo><metainfo><metd Sync="TRUE">2016</metd><metc><cntinfo><cntperp><cntorg>SEPTA</cntorg></cntperp><cntpos>Operation Planner</cntpos><cntaddr><addrtype>mailing and physical address</addrtype><address>1234 Market St.</address><address>Service Planning Department, 9th Floor</address><city>Philadelphia</city><state>PA</state><postal>19107</postal><country>United States</country></cntaddr><cntvoice>215 580 8208</cntvoice><cntfax>215 580 7998</cntfax></cntinfo></metc><metstdn Sync="TRUE">FGDC Content Standards for Digital Geospatial Metadata</metstdn><metstdv Sync="TRUE">FGDC-STD-001-1998</metstdv><mettc Sync="TRUE">local time</mettc><metextns><onlink>http://www.esri.com/metadata/esriprof80.html</onlink><metprof>ESRI Metadata Profile</metprof></metextns><langmeta Sync="TRUE">en</langmeta><metextns><onlink Sync="TRUE">http://www.esri.com/metadata/esriprof80.html</onlink><metprof Sync="TRUE">ESRI Metadata Profile</metprof></metextns></metainfo><distinfo><distrib><cntinfo><cntorgp><cntorg>Pennsylvania Spatial Data Access (PASDA)</cntorg></cntorgp><cntaddr><addrtype>mailing address</addrtype><address>115 Land and Water building</address><city>University Park</city><state>Pennsylvania</state><postal>16802</postal><country>Untied States</country></cntaddr><cntvoice>(814) 865 - 8792</cntvoice><cntemail>pasda@psu.edu</cntemail></cntinfo></distrib><distliab>The USER shall indemnify, save harmless, and, if requested, defend those parties involved with the development and distribution of this data, their officers, agents, and employees from and against any suits, claims, or actions for injury, death, or property damage arising out of the use of or any defect in the FILES or any accompanying documentation. Those parties involved with the development and distribution excluded any and all implied warranties, including warranties or merchantability and fitness for a particular purpose and makes no warranty or representation, either express or implied, with respect to the FILES or accompanying documentation, including its quality, performance, merchantability, or fitness for a particular purpose. The FILES and documentation are provided "as is" and the USER assumes the entire risk as to its quality and performance. Those parties involved with the development and distribution of this data will not be liable for any direct, indirect, special, incidental, or consequential damages arising out of the use or inability to use the FILES or any accompanying documentation.</distliab><stdorder><digform><digtinfo><dssize Sync="TRUE">0.004</dssize></digtinfo></digform></stdorder></distinfo><Esri><ModDate>20160308</ModDate><ModTime>11325800</ModTime><MetaID>{5C8BA0BF-65B6-48C8-BF0D-5D5473EF2BA5}</MetaID><CreaDate>2016</CreaDate><CreaTime>14224100</CreaTime><SyncOnce>FALSE</SyncOnce><SyncDate>2016</SyncDate><SyncTime>14245900</SyncTime><scaleRange><minScale>150000000</minScale><maxScale>5000</maxScale></scaleRange><ArcGISProfile>FGDC</ArcGISProfile></Esri><mdDateSt Sync="TRUE">20160308</mdDateSt><dataIdInfo><envirDesc Sync="TRUE">Microsoft Windows XP Version 5.1 (Build 2600) Service Pack 3; ESRI ArcCatalog 9.3.1.1850</envirDesc><dataLang><languageCode Sync="TRUE" value="en"/></dataLang><idCitation><resTitle Sync="FALSE">SEPTA GIS Regional Rail Stations 2016</resTitle><presForm><PresFormCd Sync="TRUE" value="005"/></presForm></idCitation><spatRpType><SpatRepTypCd Sync="TRUE" value="001"/></spatRpType><dataExt><geoEle><GeoBndBox esriExtentType="native"><westBL Sync="TRUE">2525025.796955</westBL><eastBL Sync="TRUE">2804755.917287</eastBL><northBL Sync="TRUE">365331.424893</northBL><southBL Sync="TRUE">129218.336613</southBL><exTypeCode Sync="TRUE">1</exTypeCode></GeoBndBox></geoEle></dataExt><geoBox esriExtentType="decdegrees"><westBL Sync="TRUE">-75.772958</westBL><eastBL Sync="TRUE">-74.751384</eastBL><northBL Sync="TRUE">40.318937</northBL><southBL Sync="TRUE">39.649439</southBL><exTypeCode Sync="TRUE">1</exTypeCode></geoBox><idPurp>This data set was developed to assist in service planning purposes.</idPurp><idAbs>&lt;DIV STYLE="text-align:Left;"&gt;&lt;DIV&gt;&lt;P&gt;&lt;SPAN&gt;Regional Rail Stations&lt;/SPAN&gt;&lt;/P&gt;&lt;/DIV&gt;&lt;/DIV&gt;</idAbs><searchKeys><keyword>Transportation</keyword><keyword>Public Transit</keyword><keyword>High Speed Rail</keyword><keyword>Subway</keyword><keyword>Elevated</keyword></searchKeys><resConst><Consts><useLimit>&lt;DIV STYLE="text-align:Left;"&gt;&lt;DIV&gt;&lt;P&gt;&lt;SPAN&gt;The Southeastern Pennsylvania Transportation Authority (SEPTA) excludes any and all implied warranties of merchantability and fitness. No guarantees are expressed or implied as to the use or application of the digital information supplied. SEPTA assumes no responsibility to maintain them in any manner or form, SEPTA will not be liable for any direct, indirect, special, incidental, or consequential damages arising out of any inaccuracy or defect in the digital information supplied. Recipients of SEPTA digital files are not entitled to any file revisions, updates, corrections, or releases. Recipients of SEPTA digital files are expressly prohibited from copying or releasing these files to any other individuals or agencies, under any circumstances. Recipients of SEPTA digital files are expressly prohibited from displaying for view or making these files available for download from the internet or World Wide Web, under any circumstances.&lt;/SPAN&gt;&lt;/P&gt;&lt;/DIV&gt;&lt;/DIV&gt;</useLimit></Consts></resConst></dataIdInfo><mdLang><languageCode Sync="TRUE" value="en"/></mdLang><mdStanName Sync="TRUE">ISO 19115 Geographic Information - Metadata</mdStanName><mdStanVer Sync="TRUE">DIS_ESRI1.0</mdStanVer><mdChar><CharSetCd Sync="TRUE" value="004"/></mdChar><mdHrLv><ScopeCd Sync="TRUE" value="005"/></mdHrLv><mdHrLvName Sync="TRUE">dataset</mdHrLvName><distInfo><distributor><distorTran><onLineSrc><orDesc Sync="TRUE">002</orDesc><linkage Sync="TRUE">file://\\PC36\D$\Philly\Septa\SEPTAGISRegionalRailStations_2016.shp</linkage><protocol Sync="TRUE">Local Area Network</protocol></onLineSrc><transSize Sync="TRUE">0.004</transSize></distorTran><distorFormat><formatName Sync="TRUE">Shapefile</formatName></distorFormat></distributor></distInfo><refSysInfo><RefSystem><refSysID><identCode Sync="TRUE">NAD_1983_StatePlane_Pennsylvania_South_FIPS_3702_Feet</identCode></refSysID></RefSystem></refSysInfo><spatRepInfo><VectSpatRep><topLvl><TopoLevCd Sync="TRUE" value="001"/></topLvl><geometObjs Name="SEPTAGISRegionalRailStations_2016"><geoObjTyp><GeoObjTypCd Sync="TRUE" value="004"/></geoObjTyp><geoObjCnt Sync="TRUE">153</geoObjCnt></geometObjs></VectSpatRep></spatRepInfo></metadata>
